,salary_in_usd
582,220000
3725,141300
3125,131300
1161,130000
2111,125000
2345,55000
9,230000
3590,73880
2536,90000
1849,200000
2351,120000
1017,132300
3320,175000
1028,376080
1378,180180
3343,186000
1915,133300
2961,185900
2041,70000
296,161800
3279,191475
2082,165000
2859,138938
2362,102640
2100,135000
277,140000
3385,98506
3594,47280
2091,135000
2717,47280
4112,235000
144,155000
1869,160000
790,180000
4030,9272
3641,170000
1184,123710
222,200000
1228,250000
945,183500
1603,50000
2423,150000
517,65000
3255,140250
2894,90000
1232,121700
3508,210000
1998,95000
1982,77453
2898,180000
3060,198440
3790,216000
261,80000
3086,85000
3140,141525
1449,38726
2795,89306
3627,181940
3468,160000
2543,169000
2714,45555
2978,106800
1823,66970
1918,170000
2604,134000
450,115000
2148,175000
2933,42000
2014,180000
58,60943
3198,20000
3612,80000
1715,115360
984,83500
1128,146000
192,185000
2305,92350
1579,142200
147,110000
2201,175000
2983,155000
2152,64000
1144,59166
1640,220000
2524,110000
427,185000
288,189750
4092,120000
818,222200
1494,81500
3087,250000
402,275000
2633,105066
3934,100000
1083,85000
46,144540
3209,122500
3601,73880
4097,74000
2667,118000
207,222200
2998,120000
3856,150000
3561,52533
2586,230000
3456,99100
1635,163625
4011,72000
443,110500
3405,50432
1292,116000
1325,204500
2569,120000
3145,191475
678,128000
2928,170000
109,204500
3540,145000
3369,135000
2774,172200
2228,40000
1169,106250
1079,100000
2942,205600
3921,28476
3463,250000
2403,134000
529,160000
2434,120000
3608,112300
3767,126500
2380,115934
3862,155499
2970,38000
3589,92350
1408,109400
1964,210000
3066,84053
1088,140000
1572,215050
2235,198200
3680,90320
3013,185900
690,105200
680,136000
104,80000
2263,246000
3054,141525
2649,95000
1426,90000
502,289800
181,160000
2175,75569
2650,153600
3440,53416
1018,190000
2645,100000
1955,90000
3261,141525
2046,120000
4019,16904
1006,145000
3751,129000
3903,74130
4015,93150
1703,81500
1631,120000
3879,200000
2182,128000
2264,201000
553,136000
696,86000
228,150000
2226,260000
3613,58000
2288,167500
1726,180000
3022,50000
2799,90000
694,155000
3555,132000
1618,165000
2612,175000
1142,276000
405,143200
2672,247500
652,136000
2728,135000
4021,190000
2907,128000
747,103079
2374,160000
1994,130000
771,60000
4071,66022
3470,221300
4087,62726
2180,46316
683,179000
2129,120000
369,222200
2833,245000
2247,56723
2591,120000
3692,135000
3938,79833
2237,52533
3796,80000
2575,100000
516,85000
2365,150000
902,167500
3292,80000
885,172200
351,162500
806,170000
3519,175000
2009,50000
962,85320
3901,450000
1059,75000
776,125000
3588,31520
2739,191200
1495,323300
3636,99000
762,200000
1286,140000
3403,123400
66,46400
2746,142200
2779,192564
3736,60000
3336,137400
42,104300
3250,50000
811,100000
3756,140000
1277,185900
508,155000
2719,204500
3583,84053
1000,90000
2593,110600
2349,58837
936,153600
1323,145000
850,59888
3707,205300
2972,65000
1660,100000
2446,230000
382,30000
1103,275300
707,250500
3572,35093
769,145000
2062,219000
3286,141525
1948,120000
2079,240500
2231,63000
2965,185900
2144,142200
2850,64000
1807,239000
3251,6359
3972,6072
3900,120000
3393,55410
1459,126000
3491,160000
2087,225000
1681,210914
434,203300
2936,145000
103,144000
2058,202000
2840,144000
1860,74540
3642,150000
2556,100000
2974,38000
2137,272550
1524,272000
505,129300
3671,160000
478,202800
81,192000
1196,90000
2455,106800
182,135000
3820,115000
2791,109000
882,230000
1381,104000
3777,135000
1146,75302
813,120000
3524,67723
4028,54094
2020,180000
2444,165000
2886,110000
1336,200000
2012,223800
3228,57786
49,140000
3176,135000
3844,240000
1919,150000
2573,135000
1226,153400
151,113750
879,132300
1177,106500
2554,190000
1863,84053
1774,81500
2606,120000
3070,85000
265,222000
1064,162500
3039,180000
2170,145900
2523,120000
2597,135000
2839,198440
200,60000
3827,83171
1907,120000
3390,135000
2332,37824
3690,167875
3303,191475
2738,375000
2817,85000
1401,107574
2691,61566
10,206000
3192,140000
3179,8050
1185,140000
1337,260000
2092,115000
2189,14307
3962,188000
2336,140000
1946,160000
35,275300
2863,130000
3238,63000
1750,130000
41,202800
3307,191475
282,170000
1768,182750
2680,102000
2949,200000
2149,204500
2316,135000
969,235000
3949,187442
1570,73131
1478,300240
554,54848
1968,122000
2555,135000
4044,90734
2507,50000
2479,70000
1779,165000
1827,240000
3648,98506
180,62500
2405,166700
638,160000
2711,196000
1114,17029
3920,153667
3911,90000
3469,100000
313,109697
1695,97508
1988,252000
1188,135000
475,145885
2780,144854
524,318300
1612,250000
3318,50000
3172,131300
2594,80000
507,129000
2337,120000
1063,112000
950,100000
2426,37824
930,149600
745,75000
2505,110000
3849,177000
992,172000
876,171250
4107,46809
352,130000
3818,78000
1204,150000
563,85320
2299,175000
3689,224000
2404,124000
3116,130000
1739,163800
2734,129300
2096,140000
2391,55410
1472,290000
3995,110000
1490,48000
3379,200000
243,210000
264,245100
2571,73546
1058,110000
2671,129300
3525,186000
1513,66000
1583,120000
1892,250000
1983,38726
206,145000
711,140000
2796,182500
685,245000
337,173175
330,222200
3774,135000
2806,12608
1661,225900
1057,48000
3026,98000
1069,100000
2539,178000
2938,78000
1359,90000
2829,61566
681,175000
4070,98000
3396,175000
2519,37824
1042,275000
592,224000
3752,99000
655,260000
1153,129000
1966,174500
1357,93800
2902,157000
3554,164000
3046,160395
3597,67723
2239,146000
1756,133300
1399,140000
238,160000
682,100000
852,207000
3244,191475
820,260000
3411,102100
4026,135000
900,170000
483,132300
2750,129300
1467,158000
2605,180000
934,190000
2243,183600
3282,82280
113,120000
1112,180180
1657,85320
154,100000
866,170000
1664,162500
1284,142200
1744,150000
3035,73546
2595,185900
1896,80000
431,183500
3529,240000
1592,227000
3963,160000
1974,24722
2682,110600
1352,75302
1777,205000
2437,120000
1563,110600
3957,70000
2422,95000
927,106500
641,200000
830,203100
2199,135000
2913,171000
2865,103432
2033,80000
3183,132100
3194,60000
3108,175000
3875,10354
3096,215000
3220,136994
522,204500
1659,48000
3339,203500
3142,135000
2764,150000
750,130000
625,134236
1038,170000
214,95000
6,121000
3000,122000
3709,175100
1889,160000
1958,174500
3867,49646
3441,50000
1002,139500
2494,51716
3321,140000
2490,162000
1427,51192
1431,169000
446,237000
2304,145000
3007,185900
1976,145000
3205,222640
1485,245000
323,252000
2668,205000
1830,113000
3814,20000
2400,60000
3668,61300
1913,100000
2981,185900
3732,110500
3802,30523
4083,165000
3233,215000
3954,150000
3557,123000
142,236500
3516,131300
1367,15812
1234,106800
1429,149076
3401,167100
3696,160000
4016,160000
4043,26005
3406,245000
1510,299500
1127,100000
2792,79000
2797,128500
2705,138750
3852,20000
1444,125000
3184,60000
2954,129300
3056,36773
1518,180000
1578,204500
725,203000
2864,100000
2188,182000
3032,115360
562,15000
3919,47282
283,150000
1348,185000
692,112000
1249,139500
1796,183000
3488,160000
3328,105000
2946,84000
2213,145000
306,125000
590,247500
2935,230400
589,170000
3854,77364
1624,250000
2716,129300
1784,145000
51,136600
3652,43096
677,187000
1795,135000
2216,120000
2625,49253
576,200000
3950,51519
3952,112872
1296,43939
2771,135000
3111,180000
1034,260000
621,122900
4020,63831
3745,160000
1312,103603
3234,164000
2516,160000
99,140000
1095,297300
2656,63040
947,170000
596,17029
843,135000
1733,204500
62,196000
948,135000
802,146000
1717,59166
3986,115000
3319,53368
1163,172200
886,175000
287,175000
3806,75000
284,200000
3905,144000
2663,130000
1267,150000
1993,168000
3256,135000
2696,231250
276,120000
2008,87000
1197,185000
1308,120000
3133,110000
2561,100000
2208,94500
2420,50000
2267,235000
1646,200000
2045,96100
174,198200
2849,57872
2392,50432
1387,239000
4118,45391
1725,26893
2366,198800
2704,231250
3909,103000
3591,215300
2221,100000
3658,137141
2191,150000
59,70000
1591,170000
1047,120000
1363,72075
2429,128000
2435,115934
1482,169000
605,185000
3842,405000
3803,55685
2599,155000
3421,24000
2742,156400
3944,113476
3638,120600
13,300000
128,150000
3299,63000
1898,110000
1645,115000
726,133200
23,261500
810,125000
2646,160000
3333,160000
3018,95000
1061,87000
3501,119300
424,270703
2732,95000
624,191765
2272,130000
2377,144000
798,155000
2801,45600
4025,35735
2941,130050
1369,175000
3801,17805
1279,200000
1432,110600
3052,144000
1783,200000
3174,131300
4074,120000
867,317070
1033,121600
3721,266400
3908,150000
2765,154560
118,136000
3559,164996
3951,106000
80,61800
542,309400
2054,297300
448,309400
1439,140000
2712,204500
2640,165000
1761,252000
858,249300
3327,145000
2407,124234
1046,175000
2559,140250
1928,17515
138,165000
3667,130000
3576,36940
1113,106020
1009,105700
1245,149076
1699,121886
2022,225000
3241,45390
3034,38154
766,180000
2064,196000
1217,60000
571,228000
1368,200000
480,145000
528,195000
909,184000
2035,72000
421,20984
1126,150000
16,92000
674,136000
1841,60818
2552,194000
393,100000
2677,205000
3122,218000
3764,110925
1521,78000
3274,141525
3981,165000
3577,42026
1595,160000
3062,69344
2785,315000
3370,85000
1174,155000
350,35203
2291,60000
845,106500
3873,9466
4042,87000
2997,150000
1712,155850
2813,130000
1135,130000
1854,94000
3929,140000
1961,183310
2342,100000
2709,127000
193,177300
115,172000
2579,42026
3538,112900
669,175000
2323,190000
1741,163800
789,154000
1436,180000
3643,102100
484,179170
3551,175000
1252,109400
3415,250000
3072,180000
3861,144000
2924,129300
4018,66265
3697,205300
4130,151000
1696,216100
1790,70000
2587,154600
997,126000
672,162000
2600,140000
2162,120000
3024,37824
2632,100000
1642,235000
1289,121500
1748,138900
2893,97000
101,130001
2860,76000
27,12771
388,219000
729,221000
1838,119000
2675,177000
3794,104890
403,174000
495,120000
1143,178500
1119,150000
3832,33609
1512,144000
2770,145000
4132,100000
1055,92000
1214,146300
515,70000
195,83000
4017,25532
1947,135000
4125,119059
4003,20171
3539,90320
572,186000
3489,92000
194,136300
956,154000
1374,204500
1564,288000
619,152000
1285,155000
2841,240000
1409,170500
2013,172100
3586,164996
75,281000
2689,135000
552,222200
951,80000
2219,150000
1792,180180
3236,130000
2910,70000
540,168400
462,69923
3137,191475
1412,54528
3809,65000
1111,75048
3646,99360
2629,37824
4055,225000
3083,140000
704,280700
2139,182000
3082,20000
2904,100000
2167,140000
1930,134000
3077,45050
3943,103160
263,299500
3496,129000
381,86059
2186,75000
774,85000
842,170000
3534,200000
2016,232200
3568,101570
4099,18000
3619,61566
3779,220000
3356,134000
425,221484
190,200000
233,210000
3025,134000
3970,90000
2666,161000
662,127075
1621,81666
145,120000
3068,180000
3404,88100
3884,82744
944,275300
3838,61989
2081,187500
1770,100000
1551,109400
1517,120000
2317,100000
1489,55000
1811,150000
361,231250
3858,100000
3650,123000
1632,124740
1605,133300
1084,85320
1939,210000
2956,110600
2457,100000
1474,192000
2048,140000
2496,113900
2596,129300
2233,160000
3271,84053
2804,210000
1539,120000
3359,200000
2110,133300
1392,247500
3742,109280
1362,220000
1871,170000
3197,108000
2202,155000
1697,140800
2582,191200
2140,140000
1070,147100
1704,67037
1742,126000
693,210000
2518,47280
3979,91000
994,125000
4013,28016
2947,54000
162,62000
1670,95000
2274,92350
3931,170000
3263,141525
512,342300
226,175000
2467,130000
4,150000
3196,165000
1149,101531
1085,57895
4109,91237
3037,170000
2220,150000
754,160000
1764,156400
534,105000
3532,200000
3427,145000
285,170000
3517,22809
2515,142200
3666,90700
3615,136000
34,160000
627,112000
3965,200000
3877,21013
1045,81666
464,185900
2481,95000
2278,204500
1099,184000
3302,19073
3080,178800
904,250000
416,162500
2367,122600
1442,171600
3824,59888
2060,110000
1509,150000
531,143200
1787,199000
2427,190000
3860,100000
3771,105000
2334,81666
445,176000
849,75000
4023,16228
3094,229998
1536,155000
4064,5707
689,198800
3894,130026
1233,153600
1207,175000
2145,120000
1346,120000
4077,200000
1577,60000
2248,120000
2440,194000
3325,160000
1747,204500
1032,206500
1698,146263
3786,120000
923,128500
3338,180000
3942,88654
2944,236600
3185,63040
2718,37824
1091,120250
2784,142127
1937,299500
629,85000
487,116450
3346,128058
722,147000
2836,100000
14,260000
2616,68293
1758,129000
458,193500
3173,195400
3599,63040
2135,100000
414,342810
2339,249500
573,190000
889,125600
1343,48408
2891,180000
3030,161311
2793,160000
1759,150000
1619,124000
3807,157000
452,237000
2276,105000
1890,130000
1221,175000
3455,206699
1625,63000
828,182500
2922,110000
3446,260500
1383,110000
1781,160000
942,151000
1883,205600
3660,123000
911,165000
308,199000
134,260000
3061,144000
470,48408
3895,63831
1720,12771
3670,61300
4057,33808
2915,202800
1404,174000
3482,128875
1208,145000
2000,122700
600,120000
329,87500
928,275300
1209,175000
746,196480
2037,167000
1960,183310
1092,130000
3298,250000
368,125000
608,269600
966,150000
2730,100000
1502,200000
538,145000
2097,175308
2109,226700
3904,127221
752,250000
15,147000
2329,150000
4110,62726
1926,12908
3768,106260
1989,129000
758,145000
2158,113000
2930,150000
3748,52000
436,189110
2585,50000
977,75000
1136,169000
3708,184700
3606,63900
1186,120000
3676,115500
74,136000
2207,122000
84,152000
29,204500
2474,165000
2772,100000
1705,63380
737,304000
2172,110000
2868,52500
2757,12000
471,38726
127,90700
2967,108000
2273,115000
1971,146000
732,80000
2869,236000
3960,29751
530,230000
3047,115934
2952,33246
1236,100000
3300,118208
1653,75000
1274,75000
3869,120000
259,186600
899,183000
1730,100000
1745,145000
2510,150000
4126,423000
1694,121886
510,161800
3770,160080
60,60000
2702,231250
2166,115440
607,329500
1567,140000
3502,100000
3245,141525
3413,84053
2897,210000
2294,145000
3155,100000
390,147100
3305,191475
978,252000
3695,180000
2086,165750
796,237000
3380,150000
3546,158200
2025,114000
2408,74540
1030,153600
587,150000
870,81500
3368,85000
659,205000
3135,191475
1532,310000
1505,183310
2715,185900
1155,150000
800,80000
2831,160000
401,110000
3051,198440
4069,47899
1446,185000
11,192000
2078,140000
959,51192
168,172200
2232,210000
3459,250000
2511,100000
2193,261500
1222,186300
1828,139000
380,60943
699,139000
3828,165000
2918,36773
1072,115100
4006,100000
3190,67723
1290,78000
1497,30000
3330,146200
2937,115000
926,167500
2857,166000
2163,174500
2053,115000
1361,112000
1714,151410
2644,150000
1847,206000
2526,227200
2383,150000
3743,170000
1650,284310
4106,38776
1413,160766
1910,252000
1867,275300
2648,120000
2262,110000
623,145000
3907,75774
3710,140250
519,83270
3494,117000
2760,34672
1865,275300
3835,30469
2282,185900
1192,70000
3224,134000
970,121488
3699,176000
2783,179305
69,145000
2706,193750
1954,130000
1590,230000
3436,216000
2123,160000
1875,141290
3187,140000
1552,125000
3479,170000
1447,130000
2748,80036
1297,180000
827,95000
2059,135000
2989,120000
2901,210000
4095,12000
3734,43096
1927,6304
2471,160000
211,189750
2660,299500
973,130000
461,150000
1011,129000
1371,129300
568,140000
3850,65141
315,185900
2661,245100
4078,45896
2107,120000
787,181000
3776,140000
1327,95000
1206,119500
3662,61566
3602,55410
2356,210000
2900,180000
2195,13989
1420,64980
4098,152000
125,120000
3553,84053
1304,116000
2138,198200
1644,180000
4108,18053
2598,110000
656,136000
3277,102663
212,131100
2261,150000
3357,170000
72,200000
2017,167200
1419,72200
2643,107000
3881,200000
2756,81666
2419,70000
2324,150000
2125,100000
2699,116250
1721,250000
2463,135000
2754,135000
2767,130000
1821,61200
2570,115573
3587,42026
437,139000
1886,95000
3514,92000
1173,245100
1380,136000
2108,100000
1999,153400
4024,71786
1205,161500
998,237000
22,153090
1560,120000
107,189400
2150,142200
3306,141525
1073,73900
3381,195700
244,160000
3922,110000
1763,225000
2385,201000
819,136000
1410,85000
2106,37651
2095,170000
3659,167000
1535,95000
1262,121700
158,146000
2315,145000
3211,297500
1504,190000
435,123600
2159,184000
3248,142800
1379,106020
2369,80000
1456,202000
1950,250000
660,184000
3703,70500
355,174350
3294,180000
2381,81666
3570,93700
2681,169000
2250,160000
3533,65666
1238,172200
3924,250000
1840,154600
2657,36773
116,110000
1921,130000
3283,191475
378,105000
801,70000
1253,149600
1788,112000
778,105000
2870,182000
2844,144000
1405,139500
3654,110000
1503,150000
1520,126500
1266,125000
305,155000
1877,150000
3917,270000
805,56100
2280,192000
3815,102839
1597,160000
2015,150000
1479,200160
2047,80000
1922,225000
374,70000
1861,109000
3639,130000
2297,31795
152,41809
260,116500
3102,99750
990,62000
3836,69999
503,214200
914,145000
2535,130000
2583,130000
2982,129300
389,141000
3017,115000
1076,210000
3738,144854
1220,260000
2814,90000
482,165000
2386,187000
112,130000
3521,133766
4067,88654
400,150000
64,94000
2010,234100
4048,40038
25,83200
1145,48408
1239,310000
3750,126000
97,225000
3932,80000
1499,153088
3188,105000
3222,250000
2744,110600
1345,150000
857,353200
1606,252000
2993,191200
987,134024
3897,85000
339,160000
2462,160000
2887,123000
3085,160000
3109,150000
124,57000
1826,145000
591,172200
2303,200000
527,75000
1271,252000
1389,121904
36,183500
2279,142200
2855,127000
3424,63000
1,225000
720,65000
169,110000
1793,106020
440,231500
1082,100000
2441,129400
1075,105200
2293,142000
4103,59102
871,21514
3075,130000
632,105500
2184,110000
2550,70000
791,155000
1124,210914
2105,69923
1731,155000
3887,82528
3651,49253
3497,86000
3364,89306
2271,100000
2067,150000
556,241000
628,88256
1782,100000
3675,167000
1522,180000
1772,106800
514,100000
1093,205000
2745,204500
2485,134760
1684,140000
3011,200000
1402,86059
3391,193900
1789,105000
1140,139500
2843,198440
3598,43096
1593,108000
1157,126000
1001,90000
3366,63000
1533,239000
2301,175000
1037,115500
3217,100000
545,150000
3544,92350
2246,40000
649,173000
367,155000
4004,55000
43,215000
3200,135000
1995,79225
3134,99000
1187,160000
2115,120000
1986,135000
1066,299500
3821,83864
325,9477
1480,175000
3276,141525
3457,200000
3706,140400
1683,192500
4058,116914
2531,243000
967,111000
2275,67723
824,205000
3247,212800
2468,65000
2256,65000
2565,150000
1586,120000
1040,95000
3297,136100
1755,226700
3846,80000
4080,50000
2028,196200
2686,100000
1178,188500
3946,30428
1025,107900
3097,159000
1786,100000
2277,70000
3797,76814
1156,163800
3146,141525
4105,148261
322,120000
4100,60000
935,95000
1688,175000
1465,148000
2146,105000
2039,135000
3027,105000
110,142200
3462,63000
312,105066
3180,160000
1242,110000
3015,148500
1806,310000
2372,150000
1338,186000
438,258750
536,46316
1384,153400
1558,139500
1588,147100
1339,160000
606,140000
1477,200160
2439,190000
1473,210000
303,164000
712,120000
2931,95000
2685,135000
3010,156400
4059,46597
1633,65488
275,160000
493,56536
3691,175000
2920,99000
409,130000
463,96817
3798,117104
1876,74178
1125,116704
3833,75000
2919,197000
1530,200000
2976,92350
488,247300
332,220000
1303,154000
3280,141525
3851,48000
3630,160080
3178,80000
3442,250000
718,135000
4049,90000
3434,216200
3563,165400
1862,79000
1675,93919
1230,64544
291,82200
3886,62649
3536,92350
2567,160000
320,120000
611,250000
3164,102200
1615,75000
2177,161800
1276,82920
2914,117000
3107,179775
1691,200000
3235,300000
1398,192000
3864,38400
1893,175000
415,184590
2816,100000
3574,100800
1665,318300
2999,139000
2038,145000
630,65000
3989,110000
2418,110000
2006,142200
1816,175000
3700,144000
2958,75050
1938,245100
1395,105200
2627,160000
2566,206000
2080,137500
703,50000
3239,180000
20,70000
578,115000
3930,79197
3431,129300
4052,37825
2018,197000
1850,175000
3221,101570
45,228856
3548,154600
3788,65000
884,247500
3992,109024
1609,9730
2778,129300
2432,110000
4116,62000
2528,20000
3604,60000
2269,190000
3760,69000
1100,143000
3398,188100
2214,100000
1832,87000
1212,85000
4014,111775
2514,204500
1985,200000
2230,250000
2357,150000
3152,130500
2558,189750
1724,120250
2379,130000
3578,31520
2753,350000
286,225000
1216,72000
1326,142200
979,129000
4084,5882
3974,170000
1945,40878
3141,200000
1767,265000
2131,200000
1321,163800
3656,135000
2147,187500
2341,122500
2417,36773
3266,75000
2215,175000
3156,60000
1616,153600
2310,164000
3373,189650
1952,237000
1215,215149
3916,5409
777,90000
3376,113900
1914,226700
2884,175000
3095,154545
3687,128875
2880,125404
3171,195400
3773,170000
135,136000
2576,120000
3596,180000
1885,120000
3091,10000
2819,161000
2375,135000
3389,200000
1364,64544
1264,100000
2589,95000
3168,31520
2692,43096
2387,153000
186,54848
8,141000
3150,141525
2725,247500
240,100000
3593,63040
3378,126000
2197,90000
1727,85000
3002,129300
760,155000
3649,146000
385,120000
3317,140000
1435,230000
3847,380000
3377,154000
1584,85000
189,265000
3822,40000
3382,130500
1987,105500
792,191765
3362,144100
918,130000
1573,156400
453,201450
3834,20000
3600,47280
740,150000
3326,119300
1056,65000
3614,58000
1219,122700
3315,130000
4091,140000
3418,140100
2183,170000
2160,142000
3829,153000
2520,213000
3348,110000
3541,105400
604,115000
1457,135000
3474,91118
3714,130000
658,110000
846,195000
1340,130000
3542,49268
3231,172000
1990,110000
2249,95000
960,190000
1925,80000
2979,185000
444,238000
670,145000
875,124000
3509,100000
3169,195400
2286,175000
569,300000
1151,101531
817,113750
3189,80036
1685,149076
3506,180000
3293,200000
2236,94560
91,48408
61,281000
2873,225000
551,120000
3719,214000
253,370000
2155,174500
2133,120000
87,125000
1491,95000
1515,126277
1026,180180
803,75000
2676,131000
2877,204500
3737,192564
2506,70000
18,140000
1394,168400
1382,125000
1931,77453
3964,105000
4094,61896
1581,182200
387,136000
2957,5409
2879,240000
3749,154000
1123,70000
1571,60943
3001,185900
129,95000
2708,208000
428,262000
1423,179975
2030,168400
4122,130800
3800,120000
2376,216000
197,208450
2630,198800
1668,60000
903,106500
131,85000
3408,141300
179,87500
3715,112900
700,106000
3449,100000
3444,131752
657,130000
1060,130000
3269,98506
2076,150000
687,142000
3372,175100
3569,128875
1996,43939
2205,150000
1754,110000
1929,257000
3978,72212
3229,136000
1319,150000
2693,175000
422,204620
1740,126000
2826,160000
3526,148800
888,148700
469,140000
3915,12000
2655,95000
1004,258000
1027,106020
1906,48000
65,69500
1666,188800
1080,222200
4089,21669
3412,50000
941,85000
1729,135000
3284,141525
247,210000
227,190000
3410,141300
3254,165000
203,190000
1298,110000
2820,110000
3775,230000
2733,185900
3332,225000
1451,85500
2402,50000
749,183600
468,185000
617,115000
1483,100000
3765,100000
2330,100000
3935,53192
863,210000
1328,85500
2700,231250
2838,150000
4065,56000
2542,130000
4119,190200
593,176000
1347,30000
1718,125801
595,75000
274,126000
2628,47280
2397,140000
3454,30523
2899,260000
3429,115000
2495,149040
2187,236000
2867,80000
364,125000
1765,23000
2842,170000
123,55410
3672,113000
2289,106500
2371,104000
894,160000
3423,250000
1692,235000
1837,300000
3550,81666
111,150000
2968,8000
3069,108000
705,150450
533,70000
2823,47280
3977,36643
376,125760
1580,209300
3129,207000
4115,75000
1569,90000
1268,97750
1951,63000
3581,98506
613,200000
290,123400
204,165000
354,64544
759,120000
3371,206000
2777,185900
618,203500
3823,31520
1005,190000
1486,115791
976,85000
395,130760
183,216000
2491,110446
2636,104663
340,275300
855,223250
47,162500
910,180000
2960,184100
1649,138750
1629,169200
114,120000
781,143860
1254,102000
2749,185900
184,184000
1351,9289
2740,130000
3392,129300
3511,110925
1979,140000
2805,136000
1812,228000
2396,60938
19,110000
1251,139500
331,136000
2647,135000
3899,125000
3566,147800
3119,141525
2803,110000
2452,230000
3759,100000
326,289800
643,48408
2185,160000
2141,200000
1129,75000
3785,200000
1680,90000
3203,193900
2581,130000
2761,201000
1313,153600
1514,148500
3019,225000
1150,137365
2871,180000
173,297300
187,253000
523,138900
3223,63000
408,200000
1162,247500
2088,165750
872,108000
2019,106000
3121,85000
3278,80041
2453,150000
1600,55938
733,185900
949,105500
922,208049
3595,260000
224,100000
1805,184000
3958,76958
372,140000
4034,135000
1315,85000
4117,73000
1932,38726
599,140000
3464,63000
4008,85000
220,144000
3795,105000
2637,73880
3870,84053
159,75000
3432,180000
2212,128000
518,138784
639,175000
1049,120000
3383,170000
586,200000
688,75000
1106,65000
4086,185000
96,188800
3898,230000
2973,155000
3780,140000
3969,60757
2461,120000
3530,160000
2888,92250
1819,170000
583,205000
2848,95000
3219,7799
3420,131300
3811,109000
3067,200000
1716,66696
874,134000
362,138750
3078,42028
921,132000
1662,156400
3113,128000
262,60000
1997,120000
1458,163800
684,109000
2975,110820
728,130760
4068,6072
2026,291500
1335,250000
2112,85000
2118,18314
764,157750
3028,62000
1007,120000
825,184000
2168,120000
4082,12901
2729,150000
3582,86193
3778,50000
3728,81666
3673,150000
172,140100
3204,129300
2424,100000
202,130000
1953,145000
2411,16904
2075,170000
1857,160000
2134,150000
2945,89200
216,120000
3562,115222
3567,136994
2240,150000
2456,130000
2911,175000
3973,33511
419,64500
68,150000
3460,63000
1746,115000
485,94300
2023,200000
1835,165000
3114,190000
1257,252000
2609,175000
2726,172200
3084,110000
3831,76814
1165,159832
3620,36940
2723,185900
2343,249500
3812,67597
2484,197430
1224,340000
2476,170000
4035,21844
964,109697
2254,144000
2631,122600
100,105000
231,210000
1709,236000
2755,115934
1658,55000
1293,190000
940,128000
53,221000
1957,100000
3893,70000
2157,143100
2069,160000
723,222000
1911,129000
985,52500
1817,145000
1411,73164
768,200000
1272,129000
215,170000
3866,82500
3953,36259
2872,140000
896,185000
148,260000
2721,205000
311,200000
3296,204100
2577,95000
3956,95746
2611,235000
1654,125000
55,84000
1853,153000
479,104300
1769,130000
2966,129300
3716,90320
4072,56738
252,102500
3683,243900
2963,225000
1687,36000
3661,73880
1895,104000
1936,110000
1874,140000
2503,120000
3031,144200
3713,145000
3428,115000
2847,120000
2222,150000
3148,141525
3422,24000
143,176000
432,218500
466,225000
1553,90000
1917,165000
2905,80000
3452,77119
640,145000
335,38726
136,277500
2800,77300
3246,97500
2458,216000
76,181000
2892,100000
3447,175100
1543,73131
254,200000
3353,148800
2703,138750
989,140000
2763,175000
2662,168000
1051,175000
1537,139500
2460,180000
3635,116000
2413,12000
2004,185000
321,145000
4046,5679
2980,50000
2353,104000
648,117100
3923,82528
1523,160000
3945,94564
2224,126500
2003,205000
2737,17684
465,129300
3458,54000
1711,145900
132,240000
3450,55000
2908,81500
191,217000
441,166000
1089,95000
3883,100000
3199,190000
3044,125976
299,193900
3998,185000
3999,69741
1105,75000
932,145000
2991,185900
1261,185900
1110,113900
3512,22800
1637,375000
2590,140000
2431,173000
298,285000
2624,86193
2521,152000
2051,120000
3098,229998
2433,192000
3564,132320
3312,7500
2124,135000
1682,116704
1237,247500
1561,75000
1818,240000
2572,160000
3859,100000
153,60000
3311,75000
2036,207000
4032,96113
2204,106800
1086,200000
2977,153600
579,200000
225,260000
3816,200000
3772,100000
2258,119000
742,140000
501,188800
2161,140000
1397,106900
1247,146000
1306,130000
2119,231250
919,90000
236,160000
809,170550
3023,47280
217,117300
2549,105000
1270,122000
2447,196000
3518,15000
4102,18907
2296,10000
738,199000
1043,160000
880,225000
449,159100
3523,92350
223,120000
349,48754
1901,110000
1540,259000
3445,48000
3064,90000
1305,160000
404,230000
3006,50000
2210,130000
539,115000
3225,98000
426,212750
2077,175000
3048,81666
2697,138750
1732,140000
3791,210000
1331,163800
1498,186000
3340,152000
3880,60000
2959,225000
413,90700
2825,205000
1574,198000
418,105380
2285,75000
1602,60000
269,292000
357,71214
1425,120000
2529,64090
1516,228000
21,284310
85,160000
1673,180180
1299,275300
1050,200000
1015,102500
2464,192500
208,136000
3787,120000
3473,28368
952,7000
3645,136620
3754,140000
716,51962
1227,122700
3813,10000
140,222200
2040,105000
1193,153600
266,138000
3409,102100
3453,52008
139,150000
2005,204500
1880,75000
741,130000
272,164500
3495,99450
1585,48754
1108,147000
121,60000
1314,106800
1992,104000
3354,6270
1241,125000
2099,235000
1433,175000
2176,63380
2670,185900
2698,193750
3549,115934
1013,159832
1959,113000
165,140000
3132,141525
3175,190000
4063,88654
146,172800
544,190000
1924,200000
3507,153000
3585,189650
89,130000
996,163800
1377,29431
2551,105236
1078,145000
633,293000
3272,73546
1223,123900
3163,150000
1311,127980
1702,128000
520,75000
612,162500
546,162500
2939,48000
665,219535
727,213660
164,155000
2050,150000
2071,185900
1020,149040
734,129300
2165,180560
219,182000
557,155000
3632,120000
3504,65257
1452,147100
3955,15966
971,73546
915,120000
2766,123648
848,146000
1171,129000
3980,99703
1607,129000
739,48408
2410,65000
565,85000
2782,105000
714,71907
2153,235000
3622,49253
3892,80000
3177,135000
2209,170000
3151,195700
1240,239000
721,257000
1912,150000
3621,73880
1068,145000
2509,129300
3227,141525
24,134500
3329,90000
2074,72000
840,258000
2866,92350
1109,149040
2042,180000
2690,100000
3503,25000
3975,96282
1492,85000
767,140000
3747,67000
2679,146000
2415,146000
4056,56256
2776,134000
1873,225000
913,129300
1556,185900
31,145000
2406,119000
4007,77684
3425,202900
560,67037
3426,131300
4081,40189
3131,191475
3843,150000
3053,191475
327,214000
3253,130240
2557,70000
995,90000
753,150000
1856,123700
1463,65000
201,200000
2475,135000
968,265000
2533,175000
878,165000
383,25500
651,260000
2786,225000
3193,100000
4027,24823
1776,195800
2487,197000
1022,153600
1052,206000
2695,80000
1548,225000
3647,110820
1897,52500
1808,225000
3782,86193
2360,182750
3218,60000
1643,210000
1844,195000
853,100000
2809,247500
1638,102195
1010,252000
3287,115000
1554,107574
3149,191475
602,81500
955,145000
3913,60000
399,150000
1366,142200
178,77000
4053,85000
1373,121700
3365,250000
2173,291500
54,185000
558,220000
1250,109400
1834,108000
3693,209100
1575,114000
2287,120000
2736,184000
280,280000
2818,78000
831,114500
1752,107000
2200,125000
2128,160000
1778,180000
2889,170000
278,120000
3733,61566
1422,106800
17,200000
497,214000
3264,191475
3214,193000
1797,134000
2101,310000
1722,162500
365,242000
2741,225000
4000,100000
2322,120000
567,160000
1455,87980
126,168400
2574,150000
2621,135000
239,250000
925,143860
3592,140400
4121,138350
2401,10000
2639,110000
1981,94000
1229,175000
812,135000
3100,50000
1894,136000
1275,116990
673,222200
2517,75000
3793,185100
492,220000
3967,93000
2651,106800
1775,314100
603,145000
317,200000
1908,130000
3729,206699
3476,60938
3435,144100
2331,47280
2837,220000
3993,200000
1344,38726
2854,150000
3941,50180
3882,100000
2066,110000
3301,110820
3878,50000
1708,284000
1454,167580
2807,170000
1003,109400
1203,200000
2084,25216
3397,130000
1872,120000
1329,167500
2683,230000
1614,85000
1568,120000
1799,150000
1507,180000
2773,247500
491,133000
1302,140000
3761,210000
972,160000
1388,152380
2546,96000
1529,146000
2318,78000
57,73131
3912,90000
615,100000
1836,107250
3485,100000
2179,58505
920,173000
185,109697
4009,76833
933,100000
1199,127000
499,143860
2504,95000
1016,165000
2307,145000
476,217000
3355,158000
702,275000
161,100000
392,130000
525,212200
3640,90000
526,95000
3014,129300
2459,144000
2024,170000
3065,126080
1674,106020
2070,110000
1154,130000
2321,160000
4039,69741
1627,169200
2229,40000
1753,175000
318,145000
1430,82365
1081,136000
359,245000
2996,110600
2354,210000
71,254000
344,105000
188,156400
1738,156400
3154,84000
2234,272550
3926,80000
149,136000
1831,130000
1097,141288
1864,50000
1525,170000
3045,188700
1159,110000
1074,168400
1820,103200
1350,34320
3331,124270
1390,185900
3996,79833
3746,130000
1481,140000
3477,249260
1852,138750
744,90000
2694,135000
1098,94192
1434,120000
883,124500
3384,135000
2497,95000
251,105000
2948,80000
346,175000
1342,150000
3207,150000
2083,73131
1845,168400
3240,150000
675,221000
2568,135000
1440,120000
3407,205000
3527,112900
1719,100000
3804,52533
242,175000
1291,154000
2861,166700
2454,153600
2156,113000
4031,147000
3890,55000
2925,30000
3871,20000
2775,177500
1137,110600
1967,113000
3050,225000
94,120000
644,38726
2610,145000
983,60241
2421,120000
3712,99050
1544,17847
155,322723
3347,82000
3042,200000
1225,150000
3335,185800
2876,100000
1021,113900
122,77700
4133,94665
2238,220000
584,180000
3058,156868
2781,130000
150,171250
3718,75000
3510,150075
2664,136000
3657,161342
3112,148000
631,135000
1365,204500
3686,109280
2027,180000
3906,13400
2540,132000
1737,225000
3617,242000
429,245000
2473,52533
4075,20000
2089,109331
481,65000
1147,48408
3988,260000
3848,120402
2580,191200
345,85000
1183,100000
1949,95000
2969,155000
1166,163800
622,237000
2883,195000
1263,150000
3451,130000
2068,100000
2852,187200
2882,130000
564,57895
93,145000
668,135000
2489,220000
1283,204500
906,135000
3684,156600
4076,325000
1160,170000
3417,189500
456,280100
535,20678
3681,165400
3363,115573
3609,241000
2428,135000
3925,59102
1488,80000
455,210000
2853,116100
3166,144000
360,140000
2472,63040
407,156400
2206,140000
279,120000
391,90700
719,85000
609,100000
2198,160000
2501,100000
585,130000
496,289800
2355,150000
2532,183000
3268,73546
1376,40000
1471,100000
1475,172800
2654,120000
2326,125000
1848,160000
1044,115934
1565,140000
1071,90700
2007,145000
3117,110000
1940,151800
3073,165000
1048,150000
83,178000
310,260000
3057,75648
2622,168400
3472,30000
1582,140000
991,58000
119,110000
3624,120160
1198,125000
3071,210000
3341,250000
2613,27317
1589,90700
890,145000
1172,299500
1546,247500
2759,33000
3694,154600
1246,82365
338,195000
1656,109697
3400,248700
2225,51000
157,75000
898,275300
375,183924
943,140000
2588,120000
2211,145000
3041,108000
1462,104000
3361,216200
1403,275000
3678,90320
1760,125000
3201,179400
2093,275000
1736,133300
2934,345600
2120,138750
2563,109000
2751,140700
1528,259000
1851,231250
2906,52500
2450,150000
963,51192
2735,205000
1094,140000
3475,61566
929,183500
2508,185900
1211,105000
1218,153400
1096,198200
1965,185000
4066,28609
3665,192400
616,145000
783,105500
90,110000
1493,137500
2678,184000
1648,231250
442,172500
3505,200000
504,185900
679,210000
3167,113000
457,168100
3739,230000
2319,73546
3487,109280
2169,248100
2044,133800
1400,100000
2592,169000
1141,109400
814,200000
3003,139600
302,214000
1175,140000
3605,82900
1450,95000
3395,61566
3213,15000
1320,120000
2448,130000
2136,133000
1269,201000
1138,193000
2824,37824
2103,289076
2990,55000
386,222200
1243,150000
1969,94000
3375,149040
2382,215000
3584,73546
1133,165000
2955,169000
3865,100000
3159,141300
3055,50432
3983,103691
371,160000
4038,40481
2635,100000
1942,51635
597,68176
3351,152000
3009,225000
3290,66000
2449,90000
3874,120000
2268,185000
3360,150000
177,144000
1104,183500
3902,46759
3872,125000
4073,24823
3741,150260
397,90700
2499,171000
907,422548
3994,256000
2903,180000
3845,135000
3130,153000
2049,100000
3701,200100
1287,205920
2835,135000
2890,150000
4012,65013
2483,152000
1445,265000
1391,129300
2478,105000
1231,185900
3830,100000
873,60000
3990,180000
95,283200
1036,194500
1107,160000
105,205000
494,150000
912,185900
356,126800
1706,60943
3265,141525
3853,220000
2300,120000
3522,83000
2104,202353
1610,80000
2292,184000
213,270000
2992,129300
307,98000
1164,239748
1713,102544
981,61800
1934,105700
1065,130000
292,48754
986,201036
1809,156400
1689,148750
1800,350000
4129,412000
887,145000
3758,140000
2309,192000
786,241000
1139,136850
3698,140400
2953,185900
763,160000
2626,200000
3928,138000
1751,150000
664,160000
406,225000
1531,160000
1324,90000
3352,186000
2856,275000
3088,63000
333,165000
2752,93800
743,110000
1859,124234
366,195000
1202,153300
2932,78000
1121,109400
2619,115000
574,170000
1690,370000
2673,172200
698,140000
2021,145000
2962,129300
314,85320
543,159100
511,141600
1791,130000
4093,87738
2388,255000
205,165000
1260,85500
891,115000
601,128000
808,208450
1728,70000
1256,48754
1077,160000
834,252000
2985,168000
379,426601
1053,130000
1943,40878
3573,183600
1723,185000
4005,58000
1562,169000
2851,39925
2029,150900
2492,79178
1887,185900
1700,53787
3308,141525
3968,28399
1975,15897
4062,114047
56,60000
3202,154000
3016,98200
304,170000
4131,105000
3947,150000
1634,213580
2537,165000
958,79225
3433,140000
4128,165000
2480,130000
3342,63000
509,140000
3402,5723
2812,184100
3115,135000
4088,90734
255,260000
1372,185900
826,115000
2399,75000
2325,35610
566,75000
2368,130000
3868,40570
3727,115934
1067,245100
373,110000
1008,205600
199,72000
3043,150000
961,120000
548,150000
2874,156400
4079,160000
420,30000
1469,106000
117,260000
2669,184000
2923,185900
708,159500
1116,80000
2950,73742
2601,205000
295,50000
268,149200
2722,185000
2513,154600
3103,68400
3386,73880
1735,226700
3101,183000
2031,105200
1464,230000
78,210000
3310,70000
2802,127000
3724,115000
3285,191475
2790,160000
1118,250000
245,210000
2335,175000
1655,105000
3766,25000
1519,90000
3731,130000
2283,129300
2085,210000
3515,202900
610,80000
3547,209100
2642,148000
1803,94000
3106,243225
3674,95550
2116,100000
2641,124000
3004,85700
730,147000
3633,126500
1858,90000
3498,13493
784,155000
500,283200
1639,16420
2769,170000
2425,47280
3313,113000
4036,125000
3182,178800
635,80000
1587,60000
86,40000
473,70000
1555,75302
3789,324000
1882,160000
3314,170000
636,70000
2412,200000
1545,19616
2603,179500
1438,106800
865,200000
411,72000
1131,60000
3186,50000
3888,170000
897,120250
1294,136000
695,115000
3157,80036
917,115092
2707,116250
1671,145000
2090,67342
1189,104500
3565,208775
1843,220000
3049,300000
1332,126000
3127,191475
1596,180000
4127,28369
2352,127000
1414,127847
3987,63810
3165,22892
2486,120000
175,204000
1019,126000
795,145000
454,280000
3143,207000
3074,132000
70,115000
2727,160000
937,106800
892,200000
1663,250000
1611,52500
1559,109400
2789,206000
324,129000
2638,125000
1278,129300
2617,36773
3079,135000
2482,203500
2154,185000
2295,100000
3580,73546
697,165000
2203,153600
713,130001
521,70000
3337,245000
788,252000
439,185000
1623,87980
2834,180000
974,75000
3099,154545
2259,140000
3257,115000
2620,165000
2615,90000
451,81500
3535,116976
477,185000
3153,130000
2811,225000
1029,213120
3160,102100
2359,130000
895,120000
92,38726
4123,45618
3387,117000
3216,73000
2808,140000
3560,52533
3232,140000
198,170550
377,150000
3040,160000
1334,140000
2034,116000
1641,170000
2364,210000
3826,89306
2251,135000
3611,180000
3679,112900
2281,164000
2032,95000
3439,12171
1176,167500
756,289076
3984,21637
2614,160000
1855,240500
765,104650
232,160000
1547,172200
2602,150000
1900,125000
2255,85000
3769,220110
3492,135446
490,203000
270,164500
3896,68428
3230,112000
196,72000
2534,150000
3089,187200
2072,129300
4002,150000
398,170000
577,180000
4111,115000
3704,54000
580,115000
163,55000
3616,108800
